City_ID,city,lat,lng,max temp,Humidity,Cloudiness,wind speed,Weather description,country
0,Isangel,-19.55,169.2667,77.54,82,7,5.23,clear sky,VU
1,Upernavik,72.7868,-56.1549,40.57,93,100,4.76,light rain,GL
2,Mataura,-46.1927,168.8643,42.48,85,41,3.31,scattered clouds,NZ
3,Cherskiy,68.75,161.3,49.8,65,0,6.02,clear sky,RU
4,Torbay,47.6666,-52.7314,64.76,92,75,8.05,broken clouds,CA
5,Cape Town,-33.9258,18.4232,50.27,66,0,2.3,clear sky,ZA
6,Atuona,-9.8,-139.0333,77.07,77,46,11.79,scattered clouds,PF
7,Ushuaia,-54.8,-68.3,40.62,87,40,20.71,scattered clouds,AR
8,Sudak,44.85,34.9667,72.21,57,20,5.55,few clouds,UA
9,Yar-Sale,66.8333,70.8333,49.64,91,94,18.12,overcast clouds,RU
10,Mbarara,-0.608,30.65,66.94,55,19,2.21,few clouds,UG
11,Bredasdorp,-34.5322,20.0403,51.12,76,0,12.66,clear sky,ZA
12,Longyearbyen,78.2186,15.6401,44.44,87,75,8.05,broken clouds,SJ
13,Yatou,37.15,122.3833,73.33,76,36,3.11,scattered clouds,CN
14,Rikitea,-23.1203,-134.9692,71.42,64,98,16.33,overcast clouds,PF
15,Aklavik,68.2191,-135.0107,62.42,52,99,1.79,overcast clouds,CA
16,Vardo,70.3705,31.1107,46.6,81,100,34.61,overcast clouds,NO
17,Khatanga,71.9667,102.5,50.81,81,24,6.8,few clouds,RU
18,West Bay,19.3667,-81.4167,89.06,74,91,3.0,overcast clouds,KY
19,Bluff,-46.6,168.3333,42.8,84,74,11.54,broken clouds,NZ
20,Severo-Kurilsk,50.6789,156.125,55.22,93,94,7.29,overcast clouds,RU
21,Kodiak,57.79,-152.4072,54.91,88,90,12.66,moderate rain,US
22,Faanui,-16.4833,-151.75,78.22,67,8,15.77,clear sky,PF
23,Kajaani,64.2273,27.7285,53.65,71,0,8.05,clear sky,FI
24,Nokaneng,-19.6667,22.2667,47.46,17,0,7.61,clear sky,BW
25,Hermanus,-34.4187,19.2345,48.9,76,0,12.44,clear sky,ZA
26,Tiksi,71.6872,128.8694,43.05,87,97,5.19,overcast clouds,RU
27,Swellendam,-34.0226,20.4417,50.38,60,0,6.82,clear sky,ZA
28,Ivaipora,-24.2478,-51.6847,61.66,64,0,4.09,clear sky,BR
29,Cabo San Lucas,22.8909,-109.9124,98.62,65,0,10.2,clear sky,MX
30,Currais Novos,-6.2608,-36.5178,76.06,68,78,18.54,broken clouds,BR
31,Dikson,73.5069,80.5464,44.11,71,99,13.18,overcast clouds,RU
32,Punta Arenas,-53.15,-70.9167,41.02,81,0,21.85,light rain,CL
33,Birnin Kebbi,12.4539,4.1975,76.33,84,100,15.57,light rain,NG
34,Dicabisagan,17.0818,122.4157,81.82,77,100,6.38,overcast clouds,PH
35,Sinnamary,5.3833,-52.95,80.4,84,82,12.73,broken clouds,GF
36,Hobart,-42.8794,147.3294,45.27,84,40,4.0,scattered clouds,AU
37,Sao Joao Da Barra,-21.6403,-41.0511,73.49,66,0,8.88,clear sky,BR
38,Provideniya,64.3833,-173.3,53.04,64,41,7.36,scattered clouds,RU
39,Avarua,-21.2078,-159.775,77.05,73,2,6.91,clear sky,CK
40,Mahebourg,-20.4081,57.7,70.09,83,75,12.66,light intensity shower rain,MU
41,Arraial Do Cabo,-22.9661,-42.0278,71.56,64,0,17.27,clear sky,BR
42,Constitucion,-35.3333,-72.4167,57.27,74,100,10.13,overcast clouds,CL
43,Adrar,20.5022,-10.0711,96.17,17,15,9.6,few clouds,MR
44,Itarema,-2.9248,-39.9167,79.11,75,8,16.17,clear sky,BR
45,Port Hedland,-20.3167,118.5667,64.45,42,2,6.91,clear sky,AU
46,Port Alfred,-33.5906,26.891,53.26,66,100,4.12,light rain,ZA
47,Hilo,19.7297,-155.09,89.28,93,71,4.0,light rain,US
48,Hailar,49.2,119.7,63.77,78,100,8.59,overcast clouds,CN
49,Ribera,37.4984,13.2642,77.4,44,0,5.88,clear sky,IT
50,New Norfolk,-42.7826,147.0587,44.92,81,70,3.22,broken clouds,AU
51,Talnakh,69.4865,88.3972,58.66,68,100,16.24,overcast clouds,RU
52,Rio Grande,-32.035,-52.0986,61.34,79,2,6.44,clear sky,BR
53,Tiznit,29.5833,-9.5,93.96,22,96,0.85,overcast clouds,MA
54,Antofagasta,-23.65,-70.4,58.28,74,88,5.12,overcast clouds,CL
55,Saint-Joseph,-21.3667,55.6167,66.58,70,17,6.67,few clouds,RE
56,Cockburn Town,21.4612,-71.1419,85.96,66,40,11.5,scattered clouds,TC
57,Marawi,7.9986,124.2928,71.65,88,99,6.13,overcast clouds,PH
58,Dandong,40.1292,124.3947,72.16,86,91,2.33,overcast clouds,CN
59,Bengkulu,-3.8004,102.2655,74.89,85,57,3.67,broken clouds,ID
60,Balabac,7.9868,117.0645,83.41,82,90,16.96,overcast clouds,PH
61,Hay River,60.8156,-115.7999,69.71,55,73,11.18,light rain,CA
62,Saint-Philippe,-21.3585,55.7679,67.59,72,33,7.67,scattered clouds,RE
63,Otradnoye,59.7775,30.8181,61.97,65,92,3.29,overcast clouds,RU
64,Albany,42.6001,-73.9662,76.93,61,64,6.93,broken clouds,US
65,Lebu,-37.6167,-73.65,51.76,79,100,18.41,overcast clouds,CL
66,Ponta Do Sol,32.6667,-17.1,73.71,74,1,6.93,clear sky,PT
67,Axim,4.8699,-2.2405,75.11,82,87,7.2,overcast clouds,GH
68,Acarau,-2.8856,-40.12,79.54,74,8,17.54,clear sky,BR
69,Havre-Saint-Pierre,50.2334,-63.5986,59.0,100,90,5.75,mist,CA
70,Anjiang,27.3194,110.1031,73.92,94,70,2.48,broken clouds,CN
71,Tuktoyaktuk,69.4541,-133.0374,55.4,67,75,11.5,broken clouds,CA
72,Abu Zabad,12.35,29.25,83.3,52,84,7.14,light rain,SD
73,North Tonawanda,43.0387,-78.8642,81.21,47,0,5.01,clear sky,US
74,Esperance,-33.8667,121.9,46.24,77,66,24.05,broken clouds,AU
75,Shelbyville,35.4834,-86.4603,90.68,56,20,3.0,few clouds,US
76,Ancud,-41.8697,-73.8203,49.53,69,91,7.56,overcast clouds,CL
77,Lima,-12.0432,-77.0282,62.85,72,90,9.22,overcast clouds,PE
78,Smithers,54.7804,-127.1743,59.94,61,96,4.14,overcast clouds,CA
79,Veraval,20.9,70.3667,82.31,83,98,17.92,overcast clouds,IN
80,Minnedosa,50.2453,-99.8436,83.43,19,0,13.27,clear sky,CA
81,Jamestown,42.097,-79.2353,78.12,57,75,3.0,broken clouds,US
82,Port Elizabeth,-33.918,25.5701,46.09,93,40,4.61,scattered clouds,ZA
83,Saint Anthony,45.0205,-93.218,92.86,25,60,12.62,broken clouds,US
84,Moyuta,14.0386,-90.0808,74.98,57,100,4.52,overcast clouds,GT
85,Bethel,41.3712,-73.414,82.09,53,75,1.01,broken clouds,US
86,Hithadhoo,-0.6,73.0833,82.17,77,100,12.71,overcast clouds,MV
87,Nanchang,28.6833,115.8833,76.08,92,16,7.76,few clouds,CN
88,Cacoal,-11.4386,-61.4472,94.96,22,0,5.28,clear sky,BR
89,Banda Aceh,5.5577,95.3222,80.44,79,100,12.66,overcast clouds,ID
90,Mattru,7.6244,-11.8332,72.81,97,100,5.46,light rain,SL
91,Castro,-24.7911,-50.0119,57.47,70,0,2.35,clear sky,BR
92,Belaya Gora,68.5333,146.4167,57.42,46,98,7.85,overcast clouds,RU
93,Sitka,57.0531,-135.33,57.09,88,90,10.36,light rain,US
94,Ghanzi,-21.5667,21.7833,43.09,25,0,7.47,clear sky,BW
95,Acari,-15.4311,-74.6158,70.0,63,5,7.16,clear sky,PE
96,Pitimbu,-7.4706,-34.8086,75.36,83,23,15.01,few clouds,BR
97,Mubi,10.2676,13.2644,69.35,92,36,2.91,scattered clouds,NG
98,Phan Thiet,10.9333,108.1,77.13,90,100,10.42,overcast clouds,VN
99,Thompson,55.7435,-97.8558,71.76,35,75,25.32,broken clouds,CA
100,San Ramon,37.7799,-121.978,99.09,37,3,10.0,clear sky,US
101,Qaanaaq,77.484,-69.3632,43.74,56,21,2.93,few clouds,GL
102,Busselton,-33.65,115.3333,48.09,61,99,14.5,overcast clouds,AU
103,Willowmore,-33.2926,23.4895,37.09,87,6,7.47,clear sky,ZA
104,Carnarvon,-24.8667,113.6333,59.07,67,80,12.66,broken clouds,AU
105,Iqaluit,63.7506,-68.5145,51.53,87,90,8.01,light rain,CA
106,Wanaka,-44.7,169.15,33.12,99,7,1.01,clear sky,NZ
107,Alta Floresta,-9.8756,-56.0861,94.82,24,20,9.22,few clouds,BR
108,Kapaa,22.0752,-159.319,80.47,70,26,5.01,light rain,US
109,Georgetown,5.4112,100.3354,82.89,85,20,3.0,moderate rain,MY
110,Saldanha,-33.0117,17.9442,50.54,66,0,9.82,clear sky,ZA
111,Butaritari,3.0707,172.7902,83.91,73,51,16.04,broken clouds,KI
112,Pevek,69.7008,170.3133,38.91,89,100,7.61,light rain,RU
113,Puerto Ayora,-0.7393,-90.3518,80.56,85,97,5.99,overcast clouds,EC
114,Camacha,33.0833,-16.3333,68.76,78,20,13.8,few clouds,PT
115,Basco,20.4487,121.9702,84.61,79,100,34.02,overcast clouds,PH
116,Adilabad,19.6667,78.5333,74.28,84,96,8.03,moderate rain,IN
117,Codrington,-38.2667,141.9667,48.16,89,100,21.36,light rain,AU
118,Nanortalik,60.1432,-45.2371,43.38,84,40,11.1,scattered clouds,GL
119,Nuevo Progreso,23.1667,-97.95,92.59,60,33,11.01,scattered clouds,MX
120,East London,-33.0153,27.9116,53.35,66,94,3.69,light rain,ZA
121,Mecca,21.4267,39.8261,87.46,56,91,4.36,overcast clouds,SA
122,Okha,53.5739,142.9478,59.86,96,99,9.89,overcast clouds,RU
123,Sao Felix Do Xingu,-6.6447,-51.995,86.2,34,9,2.59,clear sky,BR
124,Ribeira Grande,38.5167,-28.7,73.8,88,75,12.66,broken clouds,PT
125,Beringovskiy,63.05,179.3167,53.13,81,100,5.03,light rain,RU
126,Lloret De Mar,41.6999,2.8457,83.5,90,59,5.66,broken clouds,ES
127,Galveston,29.3669,-94.9669,97.18,73,3,4.0,clear sky,US
128,Saint-Pierre,-21.3393,55.4781,67.68,64,20,8.05,few clouds,RE
129,Buta,2.7858,24.73,72.07,88,100,2.13,light rain,CD
130,Klaksvik,62.2266,-6.589,50.92,91,97,16.98,overcast clouds,FO
131,Paita,-5.0892,-81.1144,69.3,75,20,21.9,few clouds,PE
132,Maniitsoq,65.4167,-52.9,41.32,97,100,18.66,moderate rain,GL
133,Sioux Lookout,50.1001,-91.917,77.38,33,79,9.8,broken clouds,CA
134,Clyde River,70.4692,-68.5914,39.43,81,75,24.16,broken clouds,CA
135,Newark,40.7357,-74.1724,85.96,42,40,5.75,scattered clouds,US
136,La Ronge,55.1001,-105.2842,64.62,68,90,24.16,overcast clouds,CA
137,Kavieng,-2.5744,150.7967,82.17,79,16,14.83,light rain,PG
138,Yaring,6.8662,101.3689,79.11,83,100,5.03,overcast clouds,TH
139,Honiara,-9.4333,159.95,79.36,81,99,3.42,overcast clouds,SB
140,Muros,42.7762,-9.0603,66.09,87,31,7.85,scattered clouds,ES
141,Kemijarvi,66.7131,27.4306,46.53,77,97,4.88,overcast clouds,FI
142,Pombia,45.653,8.6336,81.12,73,0,2.3,clear sky,IT
143,Namibe,-15.1961,12.1522,65.41,92,16,4.94,few clouds,AO
144,Samana,19.2056,-69.3369,83.73,74,72,9.73,broken clouds,DO
145,Airai,-8.9266,125.4092,56.25,35,11,3.31,few clouds,TL
146,Kushima,31.4583,131.2333,77.74,91,100,12.95,overcast clouds,JP
147,Pierre,44.3683,-100.351,102.99,6,53,3.0,broken clouds,US
148,Taksimo,56.3444,114.8794,59.09,94,100,4.34,light rain,RU
149,Pombas,17.1503,-25.0201,74.98,75,48,12.57,scattered clouds,CV
150,Tuatapere,-46.1333,167.6833,42.82,89,52,5.68,broken clouds,NZ
151,Pucara,-15.9803,-71.4606,43.81,36,70,12.93,broken clouds,PE
152,Zhaotong,27.3167,103.7167,62.38,95,100,1.12,overcast clouds,CN
153,Bandarbeyla,9.4942,50.8122,76.78,82,23,35.81,few clouds,SO
154,Salalah,17.0151,54.0924,77.47,97,100,9.86,overcast clouds,OM
155,Vaini,-21.2,-175.2,75.36,94,40,3.44,scattered clouds,TO
156,Iskateley,67.6803,53.1512,44.22,83,99,5.5,overcast clouds,RU
157,Sarahan,31.5167,77.8,64.94,87,75,2.04,broken clouds,IN
158,Sao Pedro Do Sul,-29.6206,-54.1789,66.65,75,0,4.43,clear sky,BR
159,Cap Malheureux,-19.9842,57.6142,70.29,76,40,1.99,scattered clouds,MU
160,Leh,34.1667,77.5833,64.54,51,16,4.74,few clouds,IN
161,Rach Gia,10.0167,105.0833,78.75,80,76,16.24,broken clouds,VN
162,Yellowknife,62.456,-114.3525,76.32,64,75,3.0,smoke,CA
163,Rivne,50.6231,26.2274,61.84,65,100,4.21,overcast clouds,UA
164,Chone,-0.6833,-80.1,81.45,67,76,10.78,broken clouds,EC
165,Rio Formoso,-8.6636,-35.1586,75.16,84,25,8.1,scattered clouds,BR
166,Deputatskiy,69.3,139.9,53.69,64,94,4.25,overcast clouds,RU
167,Lanzhou,36.0564,103.7922,72.7,74,0,3.33,clear sky,CN
168,Mujiayingzi,42.1167,118.7833,68.63,84,66,6.85,broken clouds,CN
169,Barrow,71.2906,-156.7887,35.35,89,100,12.82,light rain,US
170,Guerrero Negro,27.9769,-114.0611,83.59,51,25,14.65,scattered clouds,MX
171,Kruisfontein,-34.0033,24.7314,43.88,77,41,5.1,scattered clouds,ZA
172,Dunedin,-45.8742,170.5036,50.81,71,30,3.87,scattered clouds,NZ
173,Qianan,44.9932,124.0581,73.26,70,4,12.95,clear sky,CN
174,Praia,14.9215,-23.5087,75.74,69,20,14.97,few clouds,CV
175,Andros Town,24.7,-77.7667,84.07,72,100,13.53,overcast clouds,BS
176,Khislavichi,54.1871,32.1582,57.25,92,25,5.14,light rain,RU
177,Corralillo,22.9819,-80.5856,86.49,64,16,15.14,few clouds,CU
178,Tabou,4.423,-7.3528,75.7,74,85,7.78,overcast clouds,CI
179,Geraldton,-28.7667,114.6,56.12,93,75,3.44,broken clouds,AU
180,Nome,64.5011,-165.4064,52.16,79,91,11.12,overcast clouds,US
181,Asau,46.4333,26.4,62.4,84,19,3.09,few clouds,RO
182,Shenjiamen,29.9576,122.298,78.51,90,100,23.09,light rain,CN
183,Odweyne,9.4092,45.064,72.37,59,98,11.99,overcast clouds,SO
184,Laguna,38.421,-121.4238,106.25,27,2,1.01,clear sky,US
185,Mirante Do Paranapanema,-22.2919,-51.9064,75.61,29,0,6.67,clear sky,BR
186,Tasiilaq,65.6145,-37.6368,39.09,99,100,3.85,light rain,GL
187,Lavrentiya,65.5833,-171.0,48.24,72,89,5.84,overcast clouds,RU
188,Kidal,18.4411,1.4078,87.55,41,99,13.0,overcast clouds,ML
189,Narsingdi,23.9208,90.7181,82.42,94,100,13.29,overcast clouds,BD
190,Noumea,-22.2763,166.4572,69.01,99,13,2.8,few clouds,NC
191,Portree,57.4129,-6.1942,66.85,83,99,4.41,overcast clouds,GB
192,Pedasi,7.5333,-80.0333,81.48,77,100,1.66,overcast clouds,PA
193,Fonte Boa,-2.4959,-66.2662,82.81,77,44,2.33,scattered clouds,BR
194,Hoquiam,46.9809,-123.8893,80.55,60,1,16.11,clear sky,US
195,Kualakapuas,-3.0091,114.3876,73.56,96,98,2.82,overcast clouds,ID
196,Alofi,-19.0595,-169.9187,76.89,94,75,6.91,broken clouds,NU
197,Chabahar,25.2919,60.643,85.05,84,0,11.23,clear sky,IR
198,Souillac,-20.5167,57.5167,70.18,83,75,12.66,light intensity shower rain,MU
199,Guadalajara,20.6667,-103.3333,85.98,41,34,1.01,scattered clouds,MX
200,Tianmen,30.6516,113.1603,73.87,97,93,5.57,overcast clouds,CN
201,Elizabeth City,36.2946,-76.2511,87.03,57,24,10.71,few clouds,US
202,Gingoog,8.8243,125.1042,79.95,77,92,4.38,overcast clouds,PH
203,Ampanihy,-24.7,44.75,60.91,61,40,6.2,scattered clouds,MG
204,Neiafu,-18.65,-173.9833,78.44,81,17,14.41,few clouds,TO
205,Soe,-9.8607,124.284,60.08,45,4,3.44,clear sky,ID
206,Yerbogachen,61.2767,108.0108,58.39,74,27,2.17,scattered clouds,RU
207,Tura,25.5198,90.2201,76.06,88,99,5.68,overcast clouds,IN
208,Kedrovyy,56.1667,91.8167,54.01,76,47,8.77,scattered clouds,RU
209,Cocorit,27.5833,-109.9667,100.11,32,87,8.37,overcast clouds,MX
210,Oum Hadjer,13.2954,19.6966,83.57,54,87,7.81,overcast clouds,TD
211,Killam,52.7834,-111.8518,77.88,22,0,19.53,clear sky,CA
212,Kahului,20.8947,-156.47,81.97,87,36,11.01,scattered clouds,US
213,Batemans Bay,-35.7167,150.1833,51.19,89,92,5.46,light rain,AU
214,Sistranda,63.7256,8.834,53.91,84,100,9.95,overcast clouds,NO
215,Sibolga,1.7427,98.7792,76.24,81,96,2.73,overcast clouds,ID
216,Luau,-10.7073,22.2247,64.02,39,42,4.81,scattered clouds,AO
217,Nikolskoye,59.7035,30.7861,61.81,65,93,2.8,overcast clouds,RU
218,Saskylakh,71.9167,114.0833,55.38,78,97,14.09,overcast clouds,RU
219,Oranjemund,-28.55,16.4333,61.81,25,0,13.18,clear sky,NA
220,Iracoubo,5.4802,-53.2011,79.56,86,81,12.53,broken clouds,GF
221,Vestmannaeyjar,63.4427,-20.2734,52.79,100,90,11.5,light intensity drizzle,IS
222,Maragogi,-9.0122,-35.2225,74.75,77,25,10.89,scattered clouds,BR
223,Qasigiannguit,68.8193,-51.1922,44.85,90,100,11.01,overcast clouds,GL
224,Coari,-4.085,-63.1414,86.38,57,63,3.31,broken clouds,BR
225,Tezu,27.9167,96.1667,76.1,96,86,2.8,overcast clouds,IN
226,Dubbo,-32.25,148.6167,48.33,93,90,11.5,overcast clouds,AU
227,Novikovo,51.1537,37.8879,63.18,68,16,6.69,few clouds,RU
228,Gravdal,68.1214,13.5031,51.69,93,75,2.3,light rain,NO
229,Staryy Nadym,65.6118,72.6842,51.51,89,100,18.99,overcast clouds,RU
230,Gornopravdinsk,60.05,69.9,55.17,90,54,4.41,broken clouds,RU
231,Goundam,16.4145,-3.6708,95.4,35,15,12.62,few clouds,ML
232,Griffith,41.5284,-87.4237,91.33,56,40,4.0,scattered clouds,US
233,Nemuro,43.3236,145.575,61.56,94,92,10.58,overcast clouds,JP
234,High Rock,26.6208,-78.2833,83.52,71,100,8.59,overcast clouds,BS
235,Chirongui,-12.9319,45.1483,75.13,71,3,18.14,light rain,YT
236,Bouar,5.934,15.596,64.45,96,40,3.13,light rain,CF
237,Tulum,20.2167,-87.4667,87.93,59,100,9.89,overcast clouds,MX
238,Abu Dhabi,24.4667,54.3667,102.31,29,0,9.22,clear sky,AE
239,Makakilo City,21.3469,-158.0858,78.69,71,33,20.56,scattered clouds,US
240,Norman Wells,65.282,-126.8329,59.04,72,90,11.5,overcast clouds,CA
241,Kushmurun,52.4503,64.6311,70.65,78,96,12.19,overcast clouds,KZ
242,Thunder Bay,48.4001,-89.3168,75.56,71,66,3.0,broken clouds,CA
243,Pontypridd,51.6021,-3.3421,71.82,74,100,3.0,overcast clouds,GB
244,Alappuzha,9.49,76.3264,79.0,86,99,14.61,light rain,IN
245,Mamakan,57.8161,114.0028,60.8,98,100,2.64,light rain,RU
246,Otane,-39.8833,176.6333,45.01,90,4,1.77,clear sky,NZ
247,Kaitangata,-46.2817,169.8464,40.93,76,39,4.36,scattered clouds,NZ
248,Sao Jose Dos Pinhais,-25.5347,-49.2064,60.73,73,0,3.38,clear sky,BR
249,Chumikan,54.7183,135.315,58.89,93,65,4.29,broken clouds,RU
250,Leo,11.1,-2.1,78.87,64,96,6.96,overcast clouds,BF
251,Meulaboh,4.1363,96.1285,76.93,88,100,4.12,overcast clouds,ID
252,Sibu,2.3,111.8167,74.28,96,100,1.12,overcast clouds,MY
253,Ugoofaaru,5.6667,73.0,82.49,77,90,12.93,overcast clouds,MV
254,Vila,42.0304,-8.1588,55.74,81,7,2.64,clear sky,PT
255,Lompoc,34.6391,-120.4579,87.21,64,57,16.11,broken clouds,US
256,Huilong,31.8111,121.655,77.99,86,100,20.56,overcast clouds,CN
257,Petropavlovsk-Kamchatskiy,53.0452,158.6483,54.19,100,75,2.24,broken clouds,RU
258,Chokurdakh,70.6333,147.9167,40.71,70,70,12.75,broken clouds,RU
259,Atherton,53.5237,-2.4935,66.27,73,100,5.01,overcast clouds,GB
260,Boende,-0.2167,20.8667,78.53,59,98,2.91,overcast clouds,CD
261,Burgos,42.3394,-3.7079,70.21,35,0,9.22,clear sky,ES
262,Bosobolo,4.1833,19.9,72.36,86,99,2.3,overcast clouds,CD
263,San Carlos De Bariloche,-41.1456,-71.3082,40.46,71,100,3.33,overcast clouds,AR
264,Challapata,-18.9,-66.7667,54.48,29,16,4.25,few clouds,BO
265,Boyolangu,-8.1181,111.8935,73.22,87,62,4.16,broken clouds,ID
266,Chara,56.9064,118.2631,59.09,82,96,1.74,overcast clouds,RU
267,Kodyma,48.0988,29.1246,62.35,68,15,2.77,few clouds,UA
268,Rebrikha,53.0733,82.3408,64.36,93,100,4.76,light rain,RU
269,Saint George,37.1041,-113.5841,100.63,30,27,8.01,scattered clouds,US
270,Krasnoselkup,65.7,82.4667,69.17,69,100,24.27,overcast clouds,RU
271,De-Kastri,51.4667,140.7833,64.26,95,100,3.87,overcast clouds,RU
272,Sorochinsk,52.4338,53.1583,67.59,57,100,1.48,overcast clouds,RU
273,Wanning,18.8003,110.3967,78.19,90,86,5.14,overcast clouds,CN
274,Bahia Blanca,-38.7196,-62.2724,52.09,58,100,13.8,overcast clouds,AR
275,Victoria,22.2855,114.1577,85.24,87,78,5.01,light rain,HK
276,Lagoa,39.05,-27.9833,70.27,95,100,15.12,overcast clouds,PT
277,Flinders,-34.5833,150.8552,51.39,88,99,6.24,overcast clouds,AU
278,Cortez,37.3489,-108.5859,85.93,36,1,9.22,clear sky,US
279,Te Anau,-45.4167,167.7167,38.88,93,42,1.01,scattered clouds,NZ
280,Mount Isa,-20.7333,139.5,49.77,66,36,1.14,scattered clouds,AU
281,Bathsheba,13.2167,-59.5167,82.44,76,12,14.0,few clouds,BB
282,Mar Del Plata,-38.0023,-57.5575,62.62,64,0,1.99,clear sky,AR
283,Kungurtug,50.5994,97.5228,61.88,72,93,2.62,overcast clouds,RU
284,Alenquer,-1.9417,-54.7383,89.01,47,77,6.26,broken clouds,BR
285,Husavik,66.0449,-17.3389,59.58,79,76,1.63,broken clouds,IS
286,Adre,13.4667,22.2,76.82,71,39,13.24,scattered clouds,TD
287,Kupang,-10.1667,123.5833,70.83,80,3,7.87,clear sky,ID
288,Xichang,27.8964,102.2634,65.41,92,100,2.04,moderate rain,CN
289,Waingapu,-9.6567,120.2641,70.34,74,0,5.37,clear sky,ID
290,Dwarka,22.2394,68.9678,82.45,85,100,16.67,light rain,IN
291,Hasaki,35.7333,140.8333,75.6,83,0,2.44,clear sky,JP
292,Tucuman,-26.8241,-65.2226,76.66,25,0,4.36,clear sky,AR
293,Soubre,5.7856,-6.6083,73.17,84,98,4.41,overcast clouds,CI
294,Zemio,5.0314,25.1361,69.73,94,64,3.42,light rain,CF
295,Fortuna,40.5982,-124.1573,71.85,67,20,4.0,few clouds,US
296,Coihaique,-45.5752,-72.0662,38.52,91,57,6.44,broken clouds,CL
297,Halifax,44.6453,-63.5724,71.35,79,17,1.01,light rain,CA
298,Sept-Iles,50.2001,-66.3821,66.25,75,100,1.01,overcast clouds,CA
299,Nanyuki,0.0167,37.0728,59.81,78,56,9.73,broken clouds,KE
300,Karratha,-20.7377,116.8463,69.04,40,7,10.67,clear sky,AU
301,Rabo De Peixe,37.8,-25.5833,69.31,88,40,11.5,scattered clouds,PT
302,Kochubey,44.3861,46.5825,75.58,66,100,11.3,overcast clouds,RU
303,Komsomolskiy,40.4272,71.7189,74.62,26,0,2.26,clear sky,UZ
304,Puerto Baquerizo Moreno,-0.9,-89.6,72.25,77,99,10.98,overcast clouds,EC
305,Ambon,-3.6954,128.1814,77.94,87,100,8.81,light rain,ID
306,Pathankot,32.2833,75.65,83.8,68,11,4.16,few clouds,IN
307,Paragominas,-2.9667,-47.4833,81.21,57,45,3.51,scattered clouds,BR
308,Aljezur,37.3191,-8.8033,63.45,88,0,13.33,clear sky,PT
309,Lidkoping,58.5052,13.1577,62.91,60,1,2.06,clear sky,SE
310,Espinosa,-14.9261,-42.8192,73.33,34,51,8.3,broken clouds,BR
311,Honningsvag,70.9821,25.9704,45.43,84,100,32.66,overcast clouds,NO
312,Tatarsk,55.219,75.9828,64.18,63,1,3.58,clear sky,RU
313,Leningradskiy,69.3833,178.4167,40.46,77,65,9.73,broken clouds,RU
314,Los Llanos De Aridane,28.6585,-17.9182,69.55,90,20,17.27,few clouds,ES
315,Richards Bay,-28.783,32.0377,60.49,61,69,17.16,light rain,ZA
316,Tynne,50.6015,26.1849,61.75,65,100,4.23,overcast clouds,UA
317,Ostrovnoy,68.0531,39.5131,41.95,95,100,22.55,overcast clouds,RU
318,Smirnykh,49.75,142.8333,69.84,93,96,3.06,overcast clouds,RU
319,Wah,33.798,72.6957,86.0,46,3,9.08,clear sky,PK
320,Port Lincoln,-34.7333,135.8667,52.65,69,15,21.47,few clouds,AU
321,Trinidad,-14.8333,-64.9,91.38,43,20,6.91,few clouds,BO
322,Porto Novo,6.4965,2.6036,76.03,78,16,8.81,few clouds,BJ
323,Talavera,15.6167,120.9333,75.76,97,100,2.91,overcast clouds,PH
324,Rockland,41.1668,-74.0496,83.73,56,77,5.97,broken clouds,US
325,Khandyga,62.6667,135.6,62.4,78,100,3.09,light rain,RU
326,Esna,25.2934,32.554,90.66,22,0,8.21,clear sky,EG
327,Bradford,53.7939,-1.7521,64.54,68,75,9.22,broken clouds,GB
328,Vila Velha,-20.3297,-40.2925,69.48,61,0,3.96,clear sky,BR
329,Katsuura,35.1333,140.3,81.1,83,0,1.39,clear sky,JP
330,Hobyo,5.3505,48.5268,76.93,84,17,30.65,few clouds,SO
331,Port Hardy,50.6996,-127.4199,59.18,88,90,4.61,overcast clouds,CA
332,Lalmohan,22.3384,90.7419,82.36,86,100,23.58,moderate rain,BD
333,Tessalit,20.1986,1.0114,87.33,43,56,19.98,broken clouds,ML
334,Hamilton,39.1834,-84.5333,87.89,54,8,1.01,clear sky,US
335,Sri Aman,1.2376,111.4621,74.57,97,100,0.78,overcast clouds,MY
336,Qaqortoq,60.7167,-46.0333,57.7,69,2,4.45,clear sky,GL
337,Alghero,40.5589,8.3181,77.09,69,0,2.3,clear sky,IT
338,Uyskoye,54.3775,60.0047,59.04,94,100,5.73,light rain,RU
339,Motihari,26.65,84.9167,82.4,79,30,17.98,scattered clouds,IN
340,Dillon,34.4166,-79.3712,92.25,40,0,8.12,clear sky,US
341,Poum,-20.2333,164.0167,71.49,77,10,8.32,clear sky,NC
342,Santa Rosa,14.3122,121.1114,80.91,95,100,16.69,light rain,PH
343,Lorengau,-2.0226,147.2712,80.38,82,26,6.33,light rain,PG
344,Lopukhiv,48.3653,23.9638,58.3,95,98,3.0,overcast clouds,UA
345,Ahipara,-35.1667,173.1667,52.32,83,3,3.15,clear sky,NZ
346,Kelso,46.1468,-122.9084,84.43,42,1,4.61,clear sky,US
347,Marsabit,2.3284,37.9899,69.96,47,22,24.34,few clouds,KE
348,Porto Belo,-27.1578,-48.5531,64.09,86,8,7.0,clear sky,BR
349,Sao Filipe,14.8961,-24.4956,73.78,76,19,9.48,few clouds,CV
350,Tahta,26.7693,31.5021,89.62,25,0,6.64,clear sky,EG
351,Dabola,10.75,-11.1167,72.86,91,98,2.51,light rain,GN
352,Santander Jimenez,24.2167,-98.4667,95.65,38,0,17.11,clear sky,MX
353,Dhola,21.8833,71.7833,83.41,75,100,13.22,overcast clouds,IN
354,Puerto Escondido,15.85,-97.0667,89.42,58,53,7.87,broken clouds,MX
355,Winnemucca,40.973,-117.7357,96.85,9,1,5.75,clear sky,US
356,Lerwick,60.1545,-1.1494,53.6,93,32,9.48,scattered clouds,GB
357,Mayumba,-3.432,10.6554,69.98,89,14,4.09,few clouds,GA
358,Sampit,-2.5333,112.95,73.94,98,94,2.44,overcast clouds,ID
359,Moyale,3.5167,39.0584,73.94,44,100,9.89,overcast clouds,KE
360,Usinsk,65.9939,57.5281,53.74,75,95,9.51,overcast clouds,RU
361,Vanimo,-2.6741,141.3028,77.32,88,100,3.56,moderate rain,PG
362,Senanga,-16.1167,23.2667,54.14,26,64,6.55,broken clouds,ZM
363,Buchanan,5.8808,-10.0467,76.96,81,100,10.31,light rain,LR
364,Lata,40.1629,-8.3327,64.81,93,58,3.33,broken clouds,PT
365,Aksarka,66.5606,67.7975,45.55,89,64,7.85,broken clouds,RU
366,Salta,-24.7859,-65.4117,76.57,39,0,5.99,clear sky,AR
367,Miles City,46.4083,-105.8406,96.51,10,1,11.5,clear sky,US
368,Conde,-7.2597,-34.9075,76.46,78,75,11.5,broken clouds,BR
369,Fort Abbas,29.1925,72.8536,87.87,62,96,6.78,overcast clouds,PK
370,Mmabatho,-25.85,25.6333,39.36,21,0,8.23,clear sky,ZA
371,Khani,41.9563,42.9566,60.37,96,85,0.98,overcast clouds,GE
372,Doha,25.2867,51.5333,94.98,75,0,5.75,clear sky,QA
373,San Pedro,14.35,121.0167,80.15,95,100,18.57,heavy intensity rain,PH
374,Launceston,-41.45,147.1667,46.15,94,90,1.99,overcast clouds,AU
375,Tigre,-34.426,-58.5796,70.25,60,0,5.75,clear sky,AR
376,Yumen,40.2833,97.2,80.13,38,31,5.21,scattered clouds,CN
377,Jiuquan,39.7432,98.5174,81.19,32,3,4.25,clear sky,CN
378,Srikakulam,18.3,83.9,79.56,85,100,6.98,overcast clouds,IN
379,Riyadh,24.6877,46.7219,98.19,14,22,11.56,few clouds,SA
380,Pisco,-13.7,-76.2167,63.01,82,4,10.89,clear sky,PE
381,Kuytun,54.3419,101.5036,54.07,88,3,1.99,clear sky,RU
382,Zabol,32.25,67.25,74.19,39,35,6.42,scattered clouds,AF
383,Auki,-8.7676,160.7034,80.24,79,100,3.33,overcast clouds,SB
384,Liwale,-9.7667,37.9333,65.82,68,69,2.19,broken clouds,TZ
385,Funadhoo,6.15,73.2667,82.08,78,96,13.42,overcast clouds,MV
386,Durazno,-33.4131,-56.5006,64.13,79,5,5.39,clear sky,UY
387,Macas,-2.3167,-78.1167,77.79,57,98,3.15,overcast clouds,EC
388,Jeremie,18.65,-74.1167,84.9,70,29,5.53,scattered clouds,HT
389,Moose Factory,51.2585,-80.6094,84.33,26,0,8.75,clear sky,CA
390,Cidreira,-30.1811,-50.2056,60.12,78,0,8.59,clear sky,BR
391,Nevsehir,38.9167,34.6667,67.21,49,40,8.05,scattered clouds,TR
392,Chelmno,53.3485,18.4251,68.23,69,72,5.55,broken clouds,PL
393,Madras,13.0878,80.2785,84.18,65,40,10.36,scattered clouds,IN
394,Fairbanks,64.8378,-147.7164,71.56,72,90,0.0,light rain,US
395,San Quintin,30.4833,-115.95,75.79,67,74,11.01,broken clouds,MX
396,Eureka,40.8021,-124.1637,72.12,69,15,4.0,few clouds,US
397,Kununurra,-15.7667,128.7333,58.98,88,94,2.3,overcast clouds,AU
398,Grand Gaube,-20.0064,57.6608,67.37,76,41,1.99,scattered clouds,MU
399,Grojec,51.8625,20.8676,69.58,78,12,3.2,few clouds,PL
400,College,64.8569,-147.8028,74.21,73,40,3.44,light rain,US
401,Jiangyou,31.7667,104.7167,73.96,91,3,4.18,moderate rain,CN
402,Kesinga,20.2,83.2333,77.27,86,100,10.42,heavy intensity rain,IN
403,Dingle,10.9995,122.6711,78.26,86,100,11.54,overcast clouds,PH
404,Starkville,33.4504,-88.8184,92.75,61,1,3.44,clear sky,US
405,Chuy,-33.6971,-53.4616,61.05,84,5,4.68,clear sky,UY
406,Ixtapa,20.7,-105.2,90.63,62,40,8.05,scattered clouds,MX
407,Santa Maria,-29.6842,-53.8069,79.9,34,0,6.91,clear sky,BR
408,Zhanaozen,43.3,52.8,81.54,40,60,16.71,broken clouds,KZ
409,Acapulco,16.8634,-99.8901,87.91,69,97,7.09,overcast clouds,MX
410,Mina,26.0011,-100.5299,93.25,37,23,13.2,few clouds,MX
411,Nyurba,63.2842,118.3319,59.79,81,15,3.94,few clouds,RU
412,Maxixe,-23.8597,35.3472,60.31,73,62,9.1,broken clouds,MZ
413,Acajutla,13.5928,-89.8275,93.79,52,99,3.71,overcast clouds,SV
414,Mount Gambier,-37.8333,140.7667,48.11,93,75,18.41,shower rain,AU
415,Nara,34.6851,135.8049,80.26,94,42,2.62,scattered clouds,JP
416,Kuybysheve,47.358,36.6491,62.06,61,0,7.74,clear sky,UA
417,Oussouye,12.485,-16.5469,77.47,71,95,8.41,overcast clouds,SN
418,Scarborough,54.2797,-0.4044,62.53,84,65,1.01,broken clouds,GB
419,Puerto Carreno,6.189,-67.4859,82.13,79,85,6.58,overcast clouds,CO
420,Bar Harbor,44.3876,-68.2039,73.9,66,75,7.0,broken clouds,US
421,Celestun,20.8667,-90.4,86.72,67,30,20.24,scattered clouds,MX
422,Tual,-5.6667,132.75,79.11,84,100,17.67,overcast clouds,ID
423,Lamu,-2.2717,40.902,77.22,81,10,21.07,clear sky,KE
424,Vuktyl,63.8567,57.3094,56.88,58,99,5.99,overcast clouds,RU
425,Solnechnyy,50.7214,136.6319,75.69,83,57,1.7,broken clouds,RU
426,Ascension,30.2169,-90.9001,95.0,68,1,6.91,clear sky,US
427,Henties Bay,-22.116,14.2845,58.86,38,0,6.04,clear sky,NA
428,Rakiv Lis,51.6217,24.9243,64.96,68,56,4.54,broken clouds,UA
429,Luan,46.3592,6.9759,68.02,83,79,5.61,broken clouds,CH
430,Karpathos,35.507,27.2132,78.69,67,0,18.75,clear sky,GR
431,Lucapa,-8.4192,20.7447,69.51,28,31,4.14,scattered clouds,AO
432,Fomboni,-12.28,43.7425,77.47,73,19,16.53,few clouds,KM
433,Aktau,43.65,51.2,79.38,62,3,10.36,clear sky,KZ
434,Bubaque,11.2833,-15.8333,79.61,79,100,13.98,overcast clouds,GW
435,San Patricio,28.017,-97.5169,95.54,44,0,17.9,clear sky,US
436,Voi,-3.3945,38.563,68.05,74,4,13.67,clear sky,KE
437,Faya,18.3851,42.4509,63.12,68,92,0.89,overcast clouds,SA
438,Hami,42.8,93.45,86.52,42,99,14.56,overcast clouds,CN
439,Boden,65.8252,21.6886,53.6,65,49,5.19,scattered clouds,SE
440,Burnie,-41.0667,145.9167,51.93,86,100,13.62,overcast clouds,AU
441,Nioro,13.35,-15.75,78.04,64,58,9.95,broken clouds,GM
442,Sinazongwe,-17.2614,27.4618,66.92,47,80,7.9,broken clouds,ZM
443,Coquimbo,-29.9533,-71.3436,55.13,76,75,5.75,broken clouds,CL
444,Ilulissat,69.2167,-51.1,44.62,76,100,11.5,light rain,GL
445,Muroto,33.2833,134.15,77.83,86,100,11.52,overcast clouds,JP
446,Maceio,-9.6658,-35.7353,76.44,73,40,6.91,scattered clouds,BR
447,Sharkan,57.2989,53.8712,57.16,69,50,6.33,scattered clouds,RU
448,Urussu,54.5981,53.4631,64.0,52,100,3.78,overcast clouds,RU
449,Mandera,3.9366,41.867,79.99,50,89,25.9,overcast clouds,KE
450,Biskamzha,53.4497,89.5272,57.67,91,86,2.8,overcast clouds,RU
451,Atambua,-9.1061,124.8925,66.24,63,10,4.7,clear sky,ID
452,Luderitz,-26.6481,15.1594,66.2,22,0,19.75,clear sky,NA
453,Pochutla,15.7432,-96.4661,91.81,51,50,7.61,scattered clouds,MX
454,The Valley,18.217,-63.0578,85.86,82,19,20.4,few clouds,AI
455,Pasighat,28.0667,95.3333,77.43,96,80,1.36,moderate rain,IN
456,Erzin,36.9559,36.2,81.32,90,45,2.15,scattered clouds,TR
457,Hastings,50.8552,0.5729,64.33,88,100,21.32,overcast clouds,GB
458,Kamenka,51.3223,42.7678,61.29,61,0,6.13,clear sky,RU
459,Xuddur,4.1213,43.8894,71.91,62,85,25.77,overcast clouds,SO
460,Kudahuvadhoo,2.6708,72.8944,81.7,78,94,9.8,overcast clouds,MV
461,Rundu,-17.9333,19.7667,47.66,16,0,7.23,clear sky,NA
462,Tateyama,34.9833,139.8667,82.02,81,1,1.59,clear sky,JP
463,Paso De Los Toros,-32.8167,-56.5167,65.84,76,5,4.72,clear sky,UY
464,Innisfail,-17.5333,146.0333,66.87,77,84,3.78,broken clouds,AU
465,Ordzhonikidze,52.4411,61.7408,67.71,88,100,7.81,overcast clouds,KZ
466,Pahrump,36.2083,-115.9839,102.11,20,23,7.0,few clouds,US
467,Lashio,22.9333,97.75,69.04,100,100,1.12,overcast clouds,MM
468,Salice Salentino,40.387,17.9607,83.46,50,0,6.44,clear sky,IT
469,Soligalich,59.0778,42.2864,49.64,96,100,4.43,overcast clouds,RU
470,San Jose,37.3394,-121.895,100.53,33,20,9.22,few clouds,US
471,Canton,23.1167,113.25,87.87,66,3,1.99,light rain,CN
472,Bagdarin,54.4333,113.6,54.77,96,100,5.41,moderate rain,RU
473,Taganak,6.0833,118.3,81.41,82,100,9.55,overcast clouds,PH
474,Guangyuan,32.442,105.823,73.24,94,39,3.74,light rain,CN
475,Nishihara,26.1842,127.7558,80.65,97,90,24.16,light intensity shower rain,JP
476,Guanare,9.0418,-69.7421,80.26,90,98,2.95,overcast clouds,VE
477,Asfi,32.2994,-9.2372,72.0,75,70,25.66,broken clouds,MA
478,Kloulklubed,7.0419,134.2556,85.15,70,100,14.07,overcast clouds,PW
479,Bilibino,68.0546,166.4372,57.67,77,94,4.7,light rain,RU
480,Hammerfest,70.6634,23.6821,45.05,87,75,12.66,broken clouds,NO
481,Sabang,5.8933,95.3214,83.35,76,100,20.87,overcast clouds,ID
482,Narsaq,60.9167,-46.05,57.42,61,5,2.66,clear sky,GL
483,Dhidhdhoo,6.8833,73.1,81.77,80,100,14.92,overcast clouds,MV
484,Harper,4.375,-7.7169,75.88,74,98,7.94,overcast clouds,LR
485,Anadyr,64.75,177.4833,55.0,87,100,8.01,light rain,RU
486,Parchim,53.4263,11.8488,62.46,91,9,7.07,clear sky,DE
487,Kehl,48.573,7.8152,72.16,77,0,4.61,clear sky,DE
488,Omsukchan,62.5333,155.8,48.52,95,100,1.7,light rain,RU
489,Shelburne,44.0787,-80.2041,78.85,48,47,1.72,scattered clouds,CA
490,Boo,59.3333,18.2833,59.97,76,0,4.61,clear sky,SE
491,Alyangula,-13.8483,136.4192,69.67,100,90,4.61,overcast clouds,AU
492,Srandakan,-7.9386,110.2506,75.61,83,46,6.96,scattered clouds,ID
493,Prata,-19.3072,-48.9242,74.01,27,0,7.0,clear sky,BR
494,Altay,47.8667,88.1167,67.24,60,25,5.06,scattered clouds,CN
495,Saint-Ambroise,48.5501,-71.3324,72.09,67,79,2.66,broken clouds,CA
496,Udachnyy,66.4167,112.4,59.2,87,22,9.33,few clouds,RU
497,Teluk Nibung,3.001,99.8164,77.22,89,98,3.87,overcast clouds,ID
498,Koslan,63.4564,48.8989,45.93,95,100,7.25,overcast clouds,RU
499,Goderich,43.7501,-81.7165,78.21,46,28,6.91,scattered clouds,CA
500,Vila Franca Do Campo,37.7167,-25.4333,70.21,83,88,6.24,overcast clouds,PT
501,Kalmunai,7.4167,81.8167,78.78,71,67,9.95,broken clouds,LK
502,Isakly,54.1333,51.5333,59.31,70,23,3.06,few clouds,RU
503,Martinho Campos,-19.3317,-45.2369,67.91,37,0,4.7,clear sky,BR
504,Yarada,17.65,83.2667,79.12,89,75,11.5,mist,IN
505,State College,40.7934,-77.86,79.81,49,40,6.91,scattered clouds,US
506,Umm Lajj,25.0213,37.2685,85.84,61,0,9.24,clear sky,SA
507,Kaseda,31.4167,130.3167,79.41,81,100,18.12,overcast clouds,JP
508,Dali,25.7,100.1833,63.77,91,97,2.8,overcast clouds,CN
509,Marathon,44.9,-89.7668,89.24,60,20,1.01,few clouds,US
510,San Cristobal,7.7669,-72.225,87.98,71,100,5.66,overcast clouds,VE
511,Chapais,49.7834,-74.8492,77.04,29,78,4.85,broken clouds,CA
512,Sao Miguel Do Araguaia,-13.275,-50.1628,83.61,31,53,6.13,broken clouds,BR
513,Jieshi,22.8134,115.8257,84.94,82,61,5.91,broken clouds,CN
514,Taft,31.7471,54.2088,86.32,16,0,5.41,clear sky,IR
515,Puerto Ayacucho,5.6639,-67.6236,80.56,85,85,4.09,overcast clouds,VE
516,Eirunepe,-6.6603,-69.8736,93.11,32,63,2.15,broken clouds,BR
517,San Lorenzo,-25.3333,-57.5333,79.74,39,0,3.44,clear sky,PY
518,Dosso,13.049,3.1937,82.02,67,96,14.67,light rain,NE
519,Kasempa,-13.4584,25.8338,59.11,45,87,5.32,overcast clouds,ZM
520,Kalga,50.9251,118.898,60.08,90,42,4.09,scattered clouds,RU
521,Ola,59.5833,151.2833,53.37,89,100,2.53,overcast clouds,RU
522,Saint-Francois,46.4154,3.9054,80.04,68,0,10.36,clear sky,FR
523,Roma,43.2128,-75.4557,79.83,52,75,1.01,broken clouds,US
524,Ambilobe,-13.2,49.05,65.21,82,1,4.05,clear sky,MG
525,Amarillo,35.222,-101.8313,92.01,40,20,5.01,few clouds,US
526,Bambous Virieux,-20.3428,57.7575,67.21,68,55,10.67,broken clouds,MU
527,Vallenar,-28.5708,-70.7581,68.94,39,79,5.26,broken clouds,CL
528,Marzuq,14.4,46.4667,70.0,77,100,11.16,overcast clouds,YE
529,Jalu,29.0331,21.5482,81.77,53,0,16.75,clear sky,LY
530,Fuerte Olimpo,-21.0415,-57.8738,89.56,20,0,6.46,clear sky,PY
531,Nanakuli,21.3906,-158.1547,84.15,69,90,11.5,light intensity drizzle,US
532,Kyabram,-36.3167,145.05,43.88,98,68,7.36,broken clouds,AU
533,Mongar,27.2747,91.2396,62.55,96,20,4.36,few clouds,BT
534,Coahuayana,18.7333,-103.6833,92.68,61,89,7.31,overcast clouds,MX
535,Zarand,30.8127,56.564,83.16,16,11,5.91,few clouds,IR
536,Takoradi,4.8845,-1.7554,74.86,83,75,7.61,broken clouds,GH
537,Mapiripan,2.8892,-72.1256,79.75,84,62,5.19,broken clouds,CO
538,Xining,36.6167,101.7667,62.22,72,31,3.47,scattered clouds,CN
539,Mehamn,71.0357,27.8492,44.51,89,100,31.56,overcast clouds,NO
540,Sierpc,52.8568,19.6691,64.49,75,68,3.0,broken clouds,PL
541,Mackay,-21.15,149.2,65.05,91,1,8.28,clear sky,AU
542,Krutinka,56.0055,71.5113,63.75,81,41,10.42,scattered clouds,RU
543,Chifeng,42.2683,118.9636,70.84,79,86,5.86,overcast clouds,CN
544,Nicoya,10.1483,-85.452,76.55,78,98,8.16,moderate rain,CR
545,Pangody,65.85,74.4859,50.54,89,100,22.28,overcast clouds,RU
546,Envira,-7.3,-70.2167,92.05,32,63,1.59,broken clouds,BR
547,Nuuk,64.1835,-51.7216,43.88,81,100,25.99,moderate rain,GL
548,Kenai,60.5544,-151.2583,62.65,72,90,8.05,overcast clouds,US
549,Sola,-13.8833,167.55,79.59,82,81,16.69,broken clouds,VU
550,Atar,20.5169,-13.0499,93.47,21,3,7.58,clear sky,MR
551,North Myrtle Beach,33.816,-78.68,88.25,69,20,8.01,few clouds,US
552,Karsun,54.1994,46.9827,62.1,63,99,6.29,overcast clouds,RU
553,Port Hueneme,34.1478,-119.1951,100.06,68,1,12.66,clear sky,US
554,Cerrito,6.8432,-72.694,61.99,83,95,2.24,overcast clouds,CO
555,Bonavista,48.6499,-53.1147,56.12,96,100,8.7,overcast clouds,CA
556,Fort-Shevchenko,44.5086,50.263,80.46,72,93,6.31,overcast clouds,KZ
557,Batticaloa,7.7102,81.6924,80.47,64,85,3.8,overcast clouds,LK
558,Puerto Gaitan,4.3133,-72.0816,82.54,68,97,8.63,overcast clouds,CO
559,Ketchikan,55.3422,-131.6461,57.67,94,90,16.11,light rain,US
560,Rawson,-43.3002,-65.1023,51.55,34,3,10.89,clear sky,AR
561,Orange Cove,36.6244,-119.3137,102.85,10,42,3.8,scattered clouds,US
562,Lazaro Cardenas,17.9583,-102.2,87.06,70,100,10.83,overcast clouds,MX
563,Escuinapa,22.85,-105.8,91.31,54,26,11.05,scattered clouds,MX
564,Bogorodskoye,56.55,37.8833,55.4,71,79,6.33,broken clouds,RU
565,Iquique,-20.2208,-70.1431,60.84,73,26,3.69,scattered clouds,CL
566,Manzanillo,20.3433,-77.1167,84.76,69,61,5.61,broken clouds,CU
567,Pankrushikha,53.8319,80.3406,64.76,77,99,5.32,overcast clouds,RU
568,Dudinka,69.4058,86.1778,61.21,80,100,25.68,moderate rain,RU
569,Broken Hill,-31.95,141.4333,43.83,88,7,11.3,clear sky,AU
570,Bisira,8.5196,-81.7115,67.14,83,100,3.44,overcast clouds,PA
571,Visnes,59.3556,5.2242,62.58,88,3,0.0,clear sky,NO
572,Mizdah,31.4451,12.9801,76.05,46,0,13.13,clear sky,LY
573,Talcahuano,-36.7167,-73.1167,56.88,67,0,3.44,clear sky,CL
574,Kavaratti,10.5669,72.642,81.84,81,91,21.54,overcast clouds,IN
575,Baruun-Urt,46.6806,113.2792,67.33,58,100,4.47,light rain,MN
576,Acoyapa,11.9703,-85.1711,85.12,61,56,14.88,broken clouds,NI
577,Mezen,65.8522,44.24,39.74,90,24,5.91,few clouds,RU
578,Hare Bay,48.8499,-54.0148,58.35,95,100,7.02,overcast clouds,CA
579,Chimbote,-9.0853,-78.5783,66.56,78,25,13.35,scattered clouds,PE
580,Hashtrud,37.4779,47.0508,71.8,56,0,5.46,clear sky,IR
581,Turkistan,43.0,68.0,82.27,21,0,8.25,clear sky,KZ
582,Mackenzie,55.2999,-123.1698,64.98,44,100,10.38,overcast clouds,CA
583,Benguela,-12.5763,13.4055,69.24,89,15,3.65,few clouds,AO
584,Rostovka,55.3842,71.8891,69.31,60,42,9.51,light rain,RU
585,Saint-Paul,-21.0096,55.2707,68.11,68,6,2.3,clear sky,RE
586,Kieta,-6.2167,155.6333,79.93,80,34,4.38,scattered clouds,PG
587,Berlevag,70.8578,29.0864,44.6,87,75,35.68,light intensity drizzle,NO
588,Abay,49.6311,72.8539,52.18,45,0,3.91,clear sky,KZ
589,Ojinaga,29.5667,-104.4167,95.95,23,1,13.8,clear sky,MX
590,Zhigansk,66.7697,123.3711,64.67,56,3,5.84,clear sky,RU
591,Verkhnyaya Toyma,62.2349,44.9985,45.68,91,87,7.05,overcast clouds,RU
592,Nakhon Thai,17.1006,100.8374,74.25,96,100,7.92,moderate rain,TH
593,Feldkirchen,48.148,11.7434,69.78,75,32,5.3,scattered clouds,DE
594,Houston,29.7633,-95.3633,98.29,57,1,5.01,clear sky,US
595,Viedma,-40.8135,-62.9967,50.99,44,93,11.81,overcast clouds,AR
596,Grimshaw,56.1834,-117.6027,70.02,44,49,19.06,scattered clouds,CA
597,Sao Raimundo Nonato,-9.0153,-42.6994,76.33,53,67,8.97,broken clouds,BR
598,Rapid City,44.0805,-103.231,90.55,48,20,6.91,few clouds,US
599,Luebo,-5.35,21.4167,74.5,30,20,2.66,few clouds,CD
600,Isla Mujeres,21.2311,-86.731,89.65,70,49,9.8,scattered clouds,MX
601,Devonport,-41.1667,146.35,52.0,76,98,11.97,light rain,AU
602,Champerico,14.3,-91.9167,93.74,71,32,9.4,scattered clouds,GT
603,Kampene,-3.6,26.6667,77.16,35,55,2.91,broken clouds,CD
604,Port Blair,11.6667,92.75,81.3,83,100,20.89,overcast clouds,IN
605,Najran,17.4924,44.1277,80.65,49,99,4.76,overcast clouds,SA
606,Makat,47.6469,53.3463,73.06,73,73,5.86,broken clouds,KZ
607,Waipawa,-41.4122,175.5153,45.03,82,0,4.03,clear sky,NZ
608,Dossor,47.5272,52.9811,74.16,70,88,6.04,overcast clouds,KZ
609,Nelson Bay,-32.7167,152.15,54.95,91,50,8.46,scattered clouds,AU
610,Governador Valadares,-18.8511,-41.9494,70.95,49,14,6.58,few clouds,BR
611,Soyo,-6.1349,12.3689,70.59,86,65,8.03,broken clouds,AO
612,Albanel,48.8832,-72.4487,71.74,47,83,2.98,broken clouds,CA
613,Hofn,64.2539,-15.2082,53.44,98,100,6.87,overcast clouds,IS
614,Biak,-0.9131,122.8766,73.94,79,99,6.6,overcast clouds,ID
615,Mayo,38.8876,-76.5119,88.23,46,1,4.0,clear sky,US
616,Mount Pleasant,32.7941,-79.8626,91.31,73,40,3.0,haze,US
617,Ormara,25.2088,64.6357,82.33,83,100,6.33,overcast clouds,PK
618,Nushki,29.5542,66.0215,88.05,26,11,7.47,few clouds,PK
619,Fort Nelson,58.8053,-122.7002,72.59,37,78,10.36,broken clouds,CA
620,Preobrazheniye,42.9019,133.9064,74.84,92,34,4.92,scattered clouds,RU
621,Kolhapur,16.7,74.2167,70.86,94,100,8.3,overcast clouds,IN
622,Vozhega,60.4725,40.2213,47.19,59,96,6.06,overcast clouds,RU
623,Gat,31.61,34.7642,81.28,100,26,8.28,scattered clouds,IL
624,Huai Thalaeng,14.997,102.6475,80.78,86,100,7.85,overcast clouds,TH
625,Rimouski,48.4488,-68.524,62.1,75,89,6.71,overcast clouds,CA
626,Avera,33.194,-82.5271,92.75,56,86,4.12,overcast clouds,US
627,Chalchihuites,23.4833,-103.8833,71.83,47,86,1.7,overcast clouds,MX
628,Tahoua,14.8888,5.2692,89.74,44,75,11.83,broken clouds,NE
629,Skeldon,5.8833,-57.1333,80.04,89,100,4.85,overcast clouds,GY
630,Channel-Port Aux Basques,47.5702,-59.1367,56.84,81,68,16.62,broken clouds,CA
631,Camopi,3.1655,-52.3158,80.65,78,43,2.86,scattered clouds,GF
632,Tremedal,-14.9758,-41.4108,69.75,46,72,10.92,broken clouds,BR
633,Choya,52.0108,86.5467,62.26,98,100,2.39,overcast clouds,RU
634,Lakes Entrance,-37.8811,147.981,41.18,79,99,4.36,overcast clouds,AU
635,Nichinan,31.6,131.3667,77.81,90,99,14.09,overcast clouds,JP
636,Melfi,40.9965,15.6514,75.22,51,0,3.76,clear sky,IT
637,Karatau,43.1667,70.4667,75.0,31,0,1.61,clear sky,KZ
638,Newport,51.5877,-2.9984,71.85,74,100,15.35,overcast clouds,GB
639,Sur,22.5667,59.5289,91.33,58,44,12.91,scattered clouds,OM
640,Taltal,-25.4,-70.4833,58.87,75,86,6.82,overcast clouds,CL
641,Olafsvik,64.8945,-23.7142,52.3,97,100,9.62,overcast clouds,IS
642,Agua Prieta,31.3,-109.5667,82.18,39,100,13.11,overcast clouds,MX
643,Londiani,-0.165,35.5909,50.31,92,21,2.1,few clouds,KE
644,Chateaubelair,13.2833,-61.25,83.01,74,77,11.45,broken clouds,VC
645,Zyryanovsk,49.7386,84.2719,60.21,88,62,1.05,broken clouds,KZ
646,Kayes,14.0,-11.0,83.84,59,80,7.72,broken clouds,ML
647,Khromtau,50.2503,58.4347,69.91,65,93,17.05,overcast clouds,KZ
648,Ust-Koksa,50.2696,85.6108,55.87,91,83,1.05,broken clouds,RU
649,Hurghada,27.2574,33.8129,86.83,35,0,17.02,clear sky,EG
650,Katangli,51.7102,143.2326,66.36,92,100,3.94,overcast clouds,RU
651,Yelabuga,55.7613,52.0649,62.15,77,4,5.03,clear sky,RU
652,Hopelchen,19.7667,-89.85,87.08,34,100,1.32,overcast clouds,MX
653,Necochea,-38.5473,-58.7368,51.04,83,100,11.27,overcast clouds,AR
654,Sahuaripa,29.05,-109.2333,94.19,39,100,4.61,overcast clouds,MX
655,Naze,28.3667,129.4833,77.81,89,100,29.01,moderate rain,JP
656,Rojhan,28.6868,69.9534,92.05,48,100,12.26,overcast clouds,PK
657,Bontang,0.1333,117.5,76.66,93,99,7.56,overcast clouds,ID
658,Lagoa Formosa,-18.7786,-46.4075,68.02,37,15,6.55,few clouds,BR
659,Khash,28.2211,61.2158,83.03,14,0,3.27,clear sky,IR
660,Long Xuyen,10.3833,105.4167,78.75,86,86,9.82,overcast clouds,VN
661,Manaus,-3.1019,-60.025,81.1,89,75,1.14,broken clouds,BR
662,Otjiwarongo,-20.4637,16.6477,46.71,11,0,11.43,clear sky,NA
663,Smoky Lake,54.1169,-112.4686,77.49,32,58,19.77,broken clouds,CA
664,Cunha,-23.0744,-44.9597,54.36,85,0,3.42,clear sky,BR
665,Pacific Grove,36.6177,-121.9166,91.02,76,20,5.01,few clouds,US
666,Sambava,-14.2667,50.1667,67.46,86,9,9.95,clear sky,MG
667,Troy,42.6056,-83.1499,77.32,72,40,1.99,scattered clouds,US
668,Porbandar,21.6422,69.6093,82.26,85,96,16.31,overcast clouds,IN
669,Aswan,24.0934,32.907,92.17,23,0,11.32,clear sky,EG
670,Kosonsoy,41.2561,71.5508,70.36,31,0,7.31,clear sky,UZ
671,Hualmay,-11.0964,-77.6139,66.0,77,19,12.26,few clouds,PE
672,Kargasok,59.0556,80.8572,62.38,66,0,6.38,clear sky,RU
673,Ponta Delgada,37.7333,-25.6667,70.52,88,40,11.5,scattered clouds,PT
674,Cedar City,37.6775,-113.0619,83.37,42,40,6.91,scattered clouds,US
675,Nalut,30.3333,10.85,86.32,21,0,11.12,clear sky,LY
676,Nortelandia,-14.4547,-56.8028,92.23,21,0,5.55,clear sky,BR
677,Klyuchi,52.2667,79.1667,68.92,74,49,3.89,scattered clouds,RU
678,Stornoway,58.2093,-6.3865,60.93,88,79,6.91,broken clouds,GB
679,Chimore,-16.9833,-65.1333,87.4,34,0,4.68,clear sky,BO
680,Turinsk,58.0458,63.696,61.39,74,100,3.89,overcast clouds,RU
681,Touros,-5.1989,-35.4608,77.9,77,5,16.42,clear sky,BR
682,La Cruz,23.9167,-106.9,93.47,68,2,11.01,clear sky,MX
683,Alvaraes,-3.2208,-64.8042,80.47,60,64,2.13,broken clouds,BR
684,Angren,41.0167,70.1436,79.12,20,0,6.62,clear sky,UZ
685,Comodoro Rivadavia,-45.8667,-67.5,53.46,35,0,14.97,clear sky,AR
686,Krasnoshchekovo,51.6708,82.7289,62.98,94,89,1.3,overcast clouds,RU
687,Santa Teresa,10.2341,-66.6631,85.12,86,100,2.82,overcast clouds,VE
688,Mosjoen,65.836,13.1908,52.32,82,75,1.14,broken clouds,NO
689,Zhezkazgan,47.8043,67.7144,80.13,29,0,6.8,clear sky,KZ
690,Port-Cartier,50.0334,-66.8654,65.93,73,100,5.21,overcast clouds,CA
691,Monte Alegre,-2.0078,-54.0692,87.58,50,80,6.22,broken clouds,BR
692,Payyannur,12.1,75.2,77.94,91,100,11.41,overcast clouds,IN
693,Montes Altos,-5.8333,-47.0667,87.84,30,47,5.03,scattered clouds,BR
694,Yulara,-25.2406,130.9889,47.52,56,4,6.4,clear sky,AU
695,Lesnikovo,55.2822,65.3175,63.46,94,100,2.28,overcast clouds,RU
696,Avaton,40.9667,24.8,74.35,47,4,7.25,clear sky,GR
697,Krasnopavlivka,49.1372,36.3272,61.48,64,0,7.2,clear sky,UA
698,Comachuen,19.6167,-101.9,62.69,69,45,1.52,scattered clouds,MX
699,Grindavik,63.8424,-22.4338,54.55,100,90,14.97,light intensity drizzle,IS
700,Capao Da Canoa,-29.7456,-50.0097,59.99,78,0,5.5,clear sky,BR
701,Antequera,37.0194,-4.5612,85.96,20,7,3.4,clear sky,ES
702,Yilan,24.757,121.753,84.51,99,100,17.56,light rain,TW
703,Bilma,18.6853,12.9164,94.6,29,7,12.12,clear sky,NE
704,Kjollefjord,70.9457,27.3465,44.42,81,75,25.32,broken clouds,NO
705,Okhotsk,59.3833,143.3,58.66,88,91,2.26,overcast clouds,RU
706,Pokhara,28.2333,83.9833,73.76,94,100,2.04,moderate rain,NP
707,Nabire,-3.3667,135.4833,74.43,93,100,1.83,light rain,ID
